CD_GEOCMU,API,SAPI
4300406,Área Oeste do RS,Subárea de Uruguaiana
4317103,Área Leste do RS,Subárea de Bagé
4322400,Área Oeste do RS,Subárea de Uruguaiana
4317301,Área Leste do RS,Subárea de Pelotas
4306601,Área Leste do RS,Subárea de Bagé
4318309,Área Leste do RS,Subárea de Bagé
4316402,Área Oeste do RS,Subárea de Santa Maria
4301602,Área Leste do RS,Subárea de Bagé
4303004,Área Leste do RS,Subárea de Pelotas
4314605,Área Leste do RS,Subárea de Pelotas
4318002,Área Oeste do RS,Subárea de Santiago
4304507,Área Leste do RS,Subárea de Pelotas
4310603,Área Oeste do RS,Subárea de Santiago
4306908,Área Leste do RS,Subárea de Pelotas
4318200,Área Leste do RS,Subárea de Pelotas
4315305,Área Oeste do RS,Subárea de Uruguaiana
4302808,Área Leste do RS,Subárea de Bagé
4109401,Área de SC e PR,Subárea de Cascavel
4127502,Área de SC e PR,Subárea de Ponta Grossa
4315602,Área Leste do RS,Subárea de Pelotas
4311502,Área Leste do RS,Subárea de Bagé
4302303,Área Leste do RS,Subárea de Pelotas
4209300,Área de SC e PR,Subárea de Florianópolis
4301305,Área Leste do RS,Subárea de Pelotas
4318101,Área Oeste do RS,Subárea de Uruguaiana
4104907,Área de SC e PR,Subárea de Ponta Grossa
4317400,Área Oeste do RS,Subárea de Santiago
4302907,Área Oeste do RS,Subárea de Santa Maria
4117305,Área de SC e PR,Subárea de Ponta Grossa
4314506,Área Leste do RS,Subárea de Bagé
4322202,Área Oeste do RS,Subárea de Santa Maria
4319604,Área Oeste do RS,Subárea de Santa Maria
4120606,Área de SC e PR,Subárea de Cascavel
4311007,Área Leste do RS,Subárea de Pelotas
4322509,Área Leste do RS,Subárea de Pelotas
4318804,Área Leste do RS,Subárea de Pelotas
4315701,Área Leste do RS,Subárea de Pelotas
4113205,Área de SC e PR,Subárea de Ponta Grossa
4104808,Área de SC e PR,Subárea de Cascavel
4312500,Área Leste do RS,Subárea de Pelotas
4119905,Área de SC e PR,Subárea de Ponta Grossa
4109500,Área de SC e PR,Subárea de Curitiba
4119301,Área de SC e PR,Subárea de Cascavel
4311205,Área Oeste do RS,Subárea de Santa Maria
4216503,Área de SC e PR,Subárea de Florianópolis
4307104,Área Leste do RS,Subárea de Pelotas
4316907,Área Oeste do RS,Subárea de Santa Maria
4303509,Área Leste do RS,Subárea de Pelotas
4317707,Área Oeste do RS,Subárea de Santiago
4203600,Área de SC e PR,Subárea de Florianópolis
4311718,Área Oeste do RS,Subárea de Santiago
4305108,Área Leste do RS,Subárea de Pelotas
4314407,Área Leste do RS,Subárea de Pelotas
4302501,Área Oeste do RS,Subárea de Santiago
4119608,Área de SC e PR,Subárea de Cascavel
4300034,Área Leste do RS,Subárea de Bagé
4113700,Área de SC e PR,Subárea de Cascavel
4121703,Área de SC e PR,Subárea de Ponta Grossa
4106456,Área de SC e PR,Subárea de Cascavel
4117602,Área de SC e PR,Subárea de Cascavel
4323002,Área Leste do RS,Subárea de Pelotas
4104428,Área de SC e PR,Subárea de Cascavel
4104402,Área de SC e PR,Subárea de Ponta Grossa
4317004,Área Leste do RS,Subárea de Bagé
4106803,Área de SC e PR,Subárea de Ponta Grossa
4117701,Área de SC e PR,Subárea de Ponta Grossa
4314175,Área Leste do RS,Subárea de Bagé
4313706,Área Oeste do RS,Subárea de Cruz Alta
4311759,Área Oeste do RS,Subárea de Uruguaiana
4112009,Área de SC e PR,Subárea de Ponta Grossa
4126306,Área de SC e PR,Subárea de Ponta Grossa
4306502,Área Leste do RS,Subárea de Pelotas
4210100,Área de SC e PR,Subárea de Ponta Grossa
4306106,Área Oeste do RS,Subárea de Cruz Alta
4119400,Área de SC e PR,Subárea de Ponta Grossa
4127106,Área de SC e PR,Subárea de Ponta Grossa
4203253,Área de SC e PR,Subárea de Florianópolis
4125605,Área de SC e PR,Subárea de Ponta Grossa
4101606,Área de SC e PR,Subárea de Ponta Grossa
4100202,Área de SC e PR,Subárea de Curitiba
4105201,Área de SC e PR,Subárea de Curitiba
4109609,Área de SC e PR,Subárea de Curitiba
4200408,Área de SC e PR,Subárea de Florianópolis
4318903,Área Oeste do RS,Subárea de Santiago
4208104,Área de SC e PR,Subárea de Ponta Grossa
4311304,Área Leste do RS,Subárea de Pelotas
4311155,Área Oeste do RS,Subárea de Cruz Alta
4319158,Área Oeste do RS,Subárea de Santiago
4320800,Área Oeste do RS,Subárea de Santa Maria
4303608,Área Leste do RS,Subárea de Pelotas
4104204,Área de SC e PR,Subárea de Curitiba
4312617,Área Leste do RS,Subárea de Pelotas
4102901,Área de SC e PR,Subárea de Ponta Grossa
4109302,Área de SC e PR,Subárea de Cascavel
4319802,Área Oeste do RS,Subárea de Santa Maria
4128104,Área de SC e PR,Subárea de Cascavel
4117057,Área de SC e PR,Subárea de Cascavel
4318622,Área Leste do RS,Subárea de Pelotas
4127700,Área de SC e PR,Subárea de Cascavel
4318507,Área Leste do RS,Subárea de Pelotas
4118402,Área de SC e PR,Subárea de Cascavel
4105300,Área de SC e PR,Subárea de Cascavel
4215505,Área de SC e PR,Subárea de Florianópolis
4310553,Área Oeste do RS,Subárea de Santiago
4203808,Área de SC e PR,Subárea de Ponta Grossa
4209102,Área de SC e PR,Subárea de Florianópolis
4301875,Área Oeste do RS,Subárea de Uruguaiana
4317608,Área Leste do RS,Subárea de Pelotas
4108502,Área de SC e PR,Subárea de Ponta Grossa
4202602,Área de SC e PR,Subárea de Florianópolis
4114401,Área de SC e PR,Subárea de Cascavel
4203402,Área de SC e PR,Subárea de Florianópolis
4218905,Área de SC e PR,Subárea de Florianópolis
4304655,Área Oeste do RS,Subárea de Santiago
4315503,Área Oeste do RS,Subárea de Santa Maria
4110706,Área de SC e PR,Subárea de Ponta Grossa
4316709,Área Oeste do RS,Subárea de Cruz Alta
4316972,Área Leste do RS,Subárea de Bagé
4203006,Área de SC e PR,Subárea de Ponta Grossa
4313656,Área Leste do RS,Subárea de Pelotas
4304358,Área Leste do RS,Subárea de Bagé
4304200,Área Oeste do RS,Subárea de Santa Maria
4318408,Área Leste do RS,Subárea de Pelotas
4204806,Área de SC e PR,Subárea de Florianópolis
4102000,Área de SC e PR,Subárea de Cascavel
4216800,Área de SC e PR,Subárea de Florianópolis
4105409,Área de SC e PR,Subárea de Cascavel
4200101,Área de SC e PR,Subárea de Florianópolis
4202503,Área de SC e PR,Subárea de Florianópolis
4128625,Área de SC e PR,Subárea de Cascavel
4209706,Área de SC e PR,Subárea de Florianópolis
4125506,Área de SC e PR,Subárea de Curitiba
4110201,Área de SC e PR,Subárea de Cascavel
4311122,Área Leste do RS,Subárea de Pelotas
4110508,Área de SC e PR,Subárea de Ponta Grossa
4127965,Área de SC e PR,Subárea de Cascavel
4215000,Área de SC e PR,Subárea de Ponta Grossa
4319406,Área Oeste do RS,Subárea de Santa Maria
4127007,Área de SC e PR,Subárea de Ponta Grossa
4113734,Área de SC e PR,Subárea de Cascavel
4121000,Área de SC e PR,Subárea de Cascavel
4109708,Área de SC e PR,Subárea de Ponta Grossa
4311130,Área Oeste do RS,Subárea de Santa Maria
4101200,Área de SC e PR,Subárea de Curitiba
4313953,Área Leste do RS,Subárea de Pelotas
4309001,Área Oeste do RS,Subárea de Santiago
4309654,Área Leste do RS,Subárea de Bagé
4211751,Área de SC e PR,Subárea de Florianópolis
4213609,Área de SC e PR,Subárea de Ponta Grossa
4322004,Área Leste do RS,Subárea de Pelotas
4125704,Área de SC e PR,Subárea de Cascavel
4307401,Área Leste do RS,Subárea de Pelotas
4321105,Área Leste do RS,Subárea de Pelotas
4123857,Área de SC e PR,Subárea de Cascavel
4121752,Área de SC e PR,Subárea de Cascavel
4304663,Área Leste do RS,Subárea de Pelotas
4118204,Área de SC e PR,Subárea de Curitiba
4103107,Área de SC e PR,Subárea de Curitiba
4308656,Área Oeste do RS,Subárea de Santiago
4120903,Área de SC e PR,Subárea de Cascavel
4117800,Área de SC e PR,Subárea de Cascavel
4124707,Área de SC e PR,Subárea de Ponta Grossa
4204301,Área de SC e PR,Subárea de Florianópolis
4122206,Área de SC e PR,Subárea de Curitiba
4307500,Área Oeste do RS,Subárea de Santa Maria
4314100,Área Oeste do RS,Subárea de Cruz Alta
4322608,Área Oeste do RS,Subárea de Santa Maria
4105508,Área de SC e PR,Subárea de Cascavel
4127403,Área de SC e PR,Subárea de Cascavel
4103909,Área de SC e PR,Subárea de Cascavel
4302709,Área Leste do RS,Subárea de Pelotas
4114005,Área de SC e PR,Subárea de Cascavel
4128633,Área de SC e PR,Subárea de Curitiba
4106605,Área de SC e PR,Subárea de Cascavel
4301909,Área Leste do RS,Subárea de Pelotas
4316808,Área Oeste do RS,Subárea de Santa Maria
4211892,Área de SC e PR,Subárea de Florianópolis
4110102,Área de SC e PR,Subárea de Ponta Grossa
4212205,Área de SC e PR,Subárea de Ponta Grossa
4123501,Área de SC e PR,Subárea de Cascavel
4128534,Área de SC e PR,Subárea de Ponta Grossa
4104303,Área de SC e PR,Subárea de Cascavel
4200705,Área de SC e PR,Subárea de Florianópolis
4114609,Área de SC e PR,Subárea de Cascavel
4108403,Área de SC e PR,Subárea de Cascavel
4122503,Área de SC e PR,Subárea de Cascavel
4113908,Área de SC e PR,Subárea de Ponta Grossa
4128203,Área de SC e PR,Subárea de Ponta Grossa
4215679,Área de SC e PR,Subárea de Ponta Grossa
4125100,Área de SC e PR,Subárea de Ponta Grossa
4302220,Área Oeste do RS,Subárea de Cruz Alta
4306056,Área Leste do RS,Subárea de Pelotas
4124103,Área de SC e PR,Subárea de Ponta Grossa
4105706,Área de SC e PR,Subárea de Cascavel
4113502,Área de SC e PR,Subárea de Cascavel
4107603,Área de SC e PR,Subárea de Cascavel
4310207,Área Oeste do RS,Subárea de Cruz Alta
4217808,Área de SC e PR,Subárea de Florianópolis
4108650,Área de SC e PR,Subárea de Cascavel
4305306,Área Oeste do RS,Subárea de Cruz Alta
4311106,Área Oeste do RS,Subárea de Santiago
4317509,Área Oeste do RS,Subárea de Santiago
4319125,Área Oeste do RS,Subárea de Santa Maria
4313508,Área Leste do RS,Subárea de Pelotas
4127908,Área de SC e PR,Subárea de Cascavel
4106506,Área de SC e PR,Subárea de Cascavel
4127304,Área de SC e PR,Subárea de Cascavel
4116208,Área de SC e PR,Subárea de Curitiba
4205407,Área de SC e PR,Subárea de Florianópolis
4122156,Área de SC e PR,Subárea de Cascavel
4304705,Área Oeste do RS,Subárea de Cruz Alta
4127601,Área de SC e PR,Subárea de Curitiba
4113304,Área de SC e PR,Subárea de Cascavel
4302006,Área Oeste do RS,Subárea de Santa Maria
4308458,Área Oeste do RS,Subárea de Santa Maria
4126207,Área de SC e PR,Subárea de Ponta Grossa
4311809,Área Oeste do RS,Subárea de Cruz Alta
4127882,Área de SC e PR,Subárea de Curitiba
4109906,Área de SC e PR,Subárea de Cascavel
4204558,Área de SC e PR,Subárea de Florianópolis
4100509,Área de SC e PR,Subárea de Cascavel
4104659,Área de SC e PR,Subárea de Ponta Grossa
4128005,Área de SC e PR,Subárea de Cascavel
4314209,Área Leste do RS,Subárea de Pelotas
4311775,Área Leste do RS,Subárea de Pelotas
4117909,Área de SC e PR,Subárea de Cascavel
4203154,Área de SC e PR,Subárea de Ponta Grossa
4110607,Área de SC e PR,Subárea de Cascavel
4115606,Área de SC e PR,Subárea de Cascavel
4321352,Área Leste do RS,Subárea de Pelotas
4204202,Área de SC e PR,Subárea de Florianópolis
4122008,Área de SC e PR,Subárea de Ponta Grossa
4212270,Área de SC e PR,Subárea de Florianópolis
4310009,Área Oeste do RS,Subárea de Cruz Alta
4306379,Área Oeste do RS,Subárea de Santa Maria
4106407,Área de SC e PR,Subárea de Ponta Grossa
4322376,Área Oeste do RS,Subárea de Santiago
4103040,Área de SC e PR,Subárea de Cascavel
4108304,Área de SC e PR,Subárea de Cascavel
4121802,Área de SC e PR,Subárea de Ponta Grossa
4310439,Área Leste do RS,Subárea de Pelotas
4122305,Área de SC e PR,Subárea de Ponta Grossa
4111407,Área de SC e PR,Subárea de Ponta Grossa
4218251,Área de SC e PR,Subárea de Florianópolis
4308409,Área Oeste do RS,Subárea de Santa Maria
4308300,Área Oeste do RS,Subárea de Santa Maria
4201000,Área de SC e PR,Subárea de Florianópolis
4305009,Área Oeste do RS,Subárea de Santiago
4207908,Área de SC e PR,Subárea de Ponta Grossa
4111803,Área de SC e PR,Subárea de Ponta Grossa
4104451,Área de SC e PR,Subárea de Cascavel
4126801,Área de SC e PR,Subárea de Cascavel
4127809,Área de SC e PR,Subárea de Ponta Grossa
4105003,Área de SC e PR,Subárea de Cascavel
4211108,Área de SC e PR,Subárea de Ponta Grossa
4213302,Área de SC e PR,Subárea de Florianópolis
4213401,Área de SC e PR,Subárea de Florianópolis
4107009,Área de SC e PR,Subárea de Ponta Grossa
4114500,Área de SC e PR,Subárea de Cascavel
4306932,Área Oeste do RS,Subárea de Santiago
4110805,Área de SC e PR,Subárea de Cascavel
4312377,Área Leste do RS,Subárea de Pelotas
4211702,Área de SC e PR,Subárea de Florianópolis
4315321,Área Oeste do RS,Subárea de Santa Maria
4214706,Área de SC e PR,Subárea de Florianópolis
4108601,Área de SC e PR,Subárea de Cascavel
4113254,Área de SC e PR,Subárea de Cascavel
4300109,Área Oeste do RS,Subárea de Santa Maria
4207205,Área de SC e PR,Subárea de Florianópolis
4205506,Área de SC e PR,Subárea de Florianópolis
4108809,Área de SC e PR,Subárea de Cascavel
4201109,Área de SC e PR,Subárea de Florianópolis
4303673,Área Leste do RS,Subárea de Pelotas
4116802,Área de SC e PR,Subárea de Cascavel
4101408,Área de SC e PR,Subárea de Cascavel
4122602,Área de SC e PR,Subárea de Cascavel
4300851,Área Leste do RS,Subárea de Pelotas
4202131,Área de SC e PR,Subárea de Ponta Grossa
4118501,Área de SC e PR,Subárea de Cascavel
4117271,Área de SC e PR,Subárea de Cascavel
4304622,Área Leste do RS,Subárea de Pelotas
4104006,Área de SC e PR,Subárea de Curitiba
4208906,Área de SC e PR,Subárea de Florianópolis
4102505,Área de SC e PR,Subárea de Cascavel
4300638,Área Leste do RS,Subárea de Pelotas
4306767,Área Leste do RS,Subárea de Pelotas
4308805,Área Leste do RS,Subárea de Pelotas
4323457,Área Leste do RS,Subárea de Bagé
4210308,Área de SC e PR,Subárea de Ponta Grossa
4320677,Área Oeste do RS,Subárea de Santa Maria
4106001,Área de SC e PR,Subárea de Ponta Grossa
4106308,Área de SC e PR,Subárea de Cascavel
4301800,Área Leste do RS,Subárea de Pelotas
4202404,Área de SC e PR,Subárea de Florianópolis
4316451,Área Oeste do RS,Subárea de Santa Maria
4202438,Área de SC e PR,Subárea de Florianópolis
4302238,Área Oeste do RS,Subárea de Cruz Alta
4314902,Área Leste do RS,Subárea de Pelotas
4314779,Área Oeste do RS,Subárea de Cruz Alta
4316600,Área Oeste do RS,Subárea de Cruz Alta
4214508,Área de SC e PR,Subárea de Florianópolis
4115457,Área de SC e PR,Subárea de Cascavel
4200903,Área de SC e PR,Subárea de Florianópolis
4215802,Área de SC e PR,Subárea de Ponta Grossa
4109658,Área de SC e PR,Subárea de Cascavel
4205803,Área de SC e PR,Subárea de Florianópolis
4127858,Área de SC e PR,Subárea de Cascavel
4313904,Área Oeste do RS,Subárea de Cruz Alta
4305900,Área Oeste do RS,Subárea de Santiago
4203303,Área de SC e PR,Subárea de Ponta Grossa
4216206,Área de SC e PR,Subárea de Florianópolis
4201257,Área de SC e PR,Subárea de Florianópolis
4317202,Área Oeste do RS,Subárea de Santiago
4319208,Área Oeste do RS,Subárea de Santiago
4126504,Área de SC e PR,Subárea de Cascavel
4314472,Área Oeste do RS,Subárea de Santa Maria
4103701,Área de SC e PR,Subárea de Cascavel
4101705,Área de SC e PR,Subárea de Cascavel
4108908,Área de SC e PR,Subárea de Cascavel
4203501,Área de SC e PR,Subárea de Florianópolis
4126355,Área de SC e PR,Subárea de Cascavel
4121505,Área de SC e PR,Subárea de Ponta Grossa
4309209,Área Leste do RS,Subárea de Pelotas
4114708,Área de SC e PR,Subárea de Cascavel
4115200,Área de SC e PR,Subárea de Cascavel
4305124,Área Leste do RS,Subárea de Pelotas
4317806,Área Oeste do RS,Subárea de Santiago
4312708,Área Oeste do RS,Subárea de Cruz Alta
4305702,Área Oeste do RS,Subárea de Cruz Alta
4321204,Área Leste do RS,Subárea de Pelotas
4101309,Área de SC e PR,Subárea de Ponta Grossa
4116703,Área de SC e PR,Subárea de Cascavel
4215901,Área de SC e PR,Subárea de Florianópolis
4101804,Área de SC e PR,Subárea de Curitiba
4114807,Área de SC e PR,Subárea de Cascavel
4126678,Área de SC e PR,Subárea de Cascavel
4111902,Área de SC e PR,Subárea de Cascavel
4118808,Área de SC e PR,Subárea de Cascavel
4107504,Área de SC e PR,Subárea de Cascavel
4212304,Área de SC e PR,Subárea de Florianópolis
4301750,Área Leste do RS,Subárea de Pelotas
4122404,Área de SC e PR,Subárea de Cascavel
4320503,Área Oeste do RS,Subárea de Cruz Alta
4121208,Área de SC e PR,Subárea de Ponta Grossa
4314464,Área Leste do RS,Subárea de Pelotas
4103958,Área de SC e PR,Subárea de Cascavel
4208708,Área de SC e PR,Subárea de Florianópolis
4301107,Área Leste do RS,Subárea de Pelotas
4104709,Área de SC e PR,Subárea de Ponta Grossa
4100707,Área de SC e PR,Subárea de Cascavel
4312252,Área Leste do RS,Subárea de Pelotas
4312401,Área Leste do RS,Subárea de Pelotas
4218301,Área de SC e PR,Subárea de Ponta Grossa
4307005,Área Oeste do RS,Subárea de Cruz Alta
4102406,Área de SC e PR,Subárea de Ponta Grossa
4210704,Área de SC e PR,Subárea de Ponta Grossa
4207502,Área de SC e PR,Subárea de Florianópolis
4126405,Área de SC e PR,Subárea de Ponta Grossa
4106902,Área de SC e PR,Subárea de Curitiba
4123303,Área de SC e PR,Subárea de Cascavel
4101903,Área de SC e PR,Subárea de Ponta Grossa
4305975,Área Oeste do RS,Subárea de Cruz Alta
4104055,Área de SC e PR,Subárea de Cascavel
4307831,Área Oeste do RS,Subárea de Santiago
4321808,Área Oeste do RS,Subárea de Santiago
4304671,Área Leste do RS,Subárea de Pelotas
4121604,Área de SC e PR,Subárea de Cascavel
4115101,Área de SC e PR,Subárea de Cascavel
4102109,Área de SC e PR,Subárea de Cascavel
4111506,Área de SC e PR,Subárea de Cascavel
4316105,Área Oeste do RS,Subárea de Cruz Alta
4126900,Área de SC e PR,Subárea de Cascavel
4314308,Área Oeste do RS,Subárea de Cruz Alta
4204178,Área de SC e PR,Subárea de Florianópolis
4118600,Área de SC e PR,Subárea de Ponta Grossa
4104501,Área de SC e PR,Subárea de Cascavel
4123907,Área de SC e PR,Subárea de Ponta Grossa
4107207,Área de SC e PR,Subárea de Cascavel
4100806,Área de SC e PR,Subárea de Cascavel
4107256,Área de SC e PR,Subárea de Cascavel
4209151,Área de SC e PR,Subárea de Florianópolis
4211504,Área de SC e PR,Subárea de Florianópolis
4107736,Área de SC e PR,Subárea de Ponta Grossa
4112504,Área de SC e PR,Subárea de Cascavel
4120507,Área de SC e PR,Subárea de Cascavel
4204509,Área de SC e PR,Subárea de Florianópolis
4305405,Área Oeste do RS,Subárea de Santiago
4213351,Área de SC e PR,Subárea de Florianópolis
4111555,Área de SC e PR,Subárea de Cascavel
4211900,Área de SC e PR,Subárea de Florianópolis
4118857,Área de SC e PR,Subárea de Cascavel
4100608,Área de SC e PR,Subárea de Cascavel
4311254,Área Oeste do RS,Subárea de Santa Maria
4125357,Área de SC e PR,Subárea de Cascavel
4105607,Área de SC e PR,Subárea de Cascavel
4125407,Área de SC e PR,Subárea de Ponta Grossa
4105904,Área de SC e PR,Subárea de Cascavel
4116901,Área de SC e PR,Subárea de Cascavel
4217907,Área de SC e PR,Subárea de Florianópolis
4202206,Área de SC e PR,Subárea de Florianópolis
4309308,Área Leste do RS,Subárea de Pelotas
4115739,Área de SC e PR,Subárea de Cascavel
4128500,Área de SC e PR,Subárea de Ponta Grossa
4205902,Área de SC e PR,Subárea de Florianópolis
4219309,Área de SC e PR,Subárea de Florianópolis
4115408,Área de SC e PR,Subárea de Cascavel
4124806,Área de SC e PR,Subárea de Cascavel
4201307,Área de SC e PR,Subárea de Florianópolis
4100459,Área de SC e PR,Subárea de Cascavel
4219507,Área de SC e PR,Subárea de Florianópolis
4205001,Área de SC e PR,Subárea de Florianópolis
4125209,Área de SC e PR,Subárea de Cascavel
4114302,Área de SC e PR,Subárea de Curitiba
4114906,Área de SC e PR,Subárea de Cascavel
4122172,Área de SC e PR,Subárea de Cascavel
4205159,Área de SC e PR,Subárea de Florianópolis
4100905,Área de SC e PR,Subárea de Cascavel
4210605,Área de SC e PR,Subárea de Florianópolis
4101507,Área de SC e PR,Subárea de Cascavel
4219358,Área de SC e PR,Subárea de Florianópolis
4317905,Área Oeste do RS,Subárea de Santiago
4202305,Área de SC e PR,Subárea de Florianópolis
4307906,Área Leste do RS,Subárea de Pelotas
4118709,Área de SC e PR,Subárea de Ponta Grossa
4312658,Área Oeste do RS,Subárea de Cruz Alta
4216107,Área de SC e PR,Subárea de Florianópolis
4307302,Área Oeste do RS,Subárea de Cruz Alta
4306007,Área Oeste do RS,Subárea de Santiago
4121901,Área de SC e PR,Subárea de Ponta Grossa
4122651,Área de SC e PR,Subárea de Cascavel
4306320,Área Oeste do RS,Subárea de Santiago
4310405,Área Oeste do RS,Subárea de Santiago
4213708,Área de SC e PR,Subárea de Florianópolis
4105102,Área de SC e PR,Subárea de Cascavel
4321303,Área Oeste do RS,Subárea de Santa Maria
4120150,Área de SC e PR,Subárea de Cascavel
4113452,Área de SC e PR,Subárea de Cascavel
4320107,Área Oeste do RS,Subárea de Cruz Alta
4216909,Área de SC e PR,Subárea de Florianópolis
4107124,Área de SC e PR,Subárea de Cascavel
4103602,Área de SC e PR,Subárea de Ponta Grossa
4218954,Área de SC e PR,Subárea de Florianópolis
4300802,Área Leste do RS,Subárea de Pelotas
4301503,Área Oeste do RS,Subárea de Cruz Alta
4216057,Área de SC e PR,Subárea de Florianópolis
4309803,Área Oeste do RS,Subárea de Cruz Alta
4212106,Área de SC e PR,Subárea de Florianópolis
4316303,Área Oeste do RS,Subárea de Santiago
4219150,Área de SC e PR,Subárea de Florianópolis
4128807,Área de SC e PR,Subárea de Cascavel
4121406,Área de SC e PR,Subárea de Cascavel
4311981,Área Leste do RS,Subárea de Pelotas
4117255,Área de SC e PR,Subárea de Cascavel
4215703,Área de SC e PR,Subárea de Florianópolis
4314027,Área Oeste do RS,Subárea de Santa Maria
4116109,Área de SC e PR,Subárea de Cascavel
4119707,Área de SC e PR,Subárea de Cascavel
4102307,Área de SC e PR,Subárea de Curitiba
4310876,Área Oeste do RS,Subárea de Santa Maria
4125001,Área de SC e PR,Subárea de Cascavel
4219200,Área de SC e PR,Subárea de Florianópolis
4300901,Área Oeste do RS,Subárea de Cruz Alta
4112959,Área de SC e PR,Subárea de Cascavel
4119806,Área de SC e PR,Subárea de Cascavel
4206108,Área de SC e PR,Subárea de Florianópolis
4209409,Área de SC e PR,Subárea de Florianópolis
4321402,Área Oeste do RS,Subárea de Santiago
4205308,Área de SC e PR,Subárea de Florianópolis
4123709,Área de SC e PR,Subárea de Cascavel
4208500,Área de SC e PR,Subárea de Florianópolis
4322525,Área Oeste do RS,Subárea de Santa Maria
4202875,Área de SC e PR,Subárea de Florianópolis
4118105,Área de SC e PR,Subárea de Cascavel
4103354,Área de SC e PR,Subárea de Cascavel
4318606,Área Leste do RS,Subárea de Pelotas
4210852,Área de SC e PR,Subárea de Florianópolis
4311700,Área Oeste do RS,Subárea de Cruz Alta
4322533,Área Oeste do RS,Subárea de Santa Maria
4305173,Área Leste do RS,Subárea de Pelotas
4218103,Área de SC e PR,Subárea de Florianópolis
4113403,Área de SC e PR,Subárea de Ponta Grossa
4208807,Área de SC e PR,Subárea de Florianópolis
4309050,Área Leste do RS,Subárea de Pelotas
4200606,Área de SC e PR,Subárea de Florianópolis
4206405,Área de SC e PR,Subárea de Florianópolis
4300661,Área Leste do RS,Subárea de Pelotas
4212007,Área de SC e PR,Subárea de Florianópolis
4112207,Área de SC e PR,Subárea de Cascavel
4300208,Área Oeste do RS,Subárea de Cruz Alta
4103479,Área de SC e PR,Subárea de Cascavel
4103305,Área de SC e PR,Subárea de Cascavel
4114203,Área de SC e PR,Subárea de Cascavel
4110953,Área de SC e PR,Subárea de Cascavel
4207809,Área de SC e PR,Subárea de Florianópolis
4300505,Área Oeste do RS,Subárea de Cruz Alta
4115804,Área de SC e PR,Subárea de Cascavel
4110078,Área de SC e PR,Subárea de Ponta Grossa
4124400,Área de SC e PR,Subárea de Cascavel
4301206,Área Oeste do RS,Subárea de Santa Maria
4128559,Área de SC e PR,Subárea de Cascavel
4107546,Área de SC e PR,Subárea de Cascavel
4313102,Área Oeste do RS,Subárea de Santa Maria
4124020,Área de SC e PR,Subárea de Cascavel
4116059,Área de SC e PR,Subárea de Cascavel
4312104,Área Oeste do RS,Subárea de Santa Maria
4300307,Área Oeste do RS,Subárea de Santiago
4123808,Área de SC e PR,Subárea de Cascavel
4322707,Área Oeste do RS,Subárea de Santa Maria
4214409,Área de SC e PR,Subárea de Ponta Grossa
4121109,Área de SC e PR,Subárea de Cascavel
4111258,Área de SC e PR,Subárea de Curitiba
4120655,Área de SC e PR,Subárea de Cascavel
4108320,Área de SC e PR,Subárea de Cascavel
4125803,Área de SC e PR,Subárea de Cascavel
4103206,Área de SC e PR,Subárea de Cascavel
4127205,Área de SC e PR,Subárea de Cascavel
4309951,Área Oeste do RS,Subárea de Santa Maria
4314068,Área Oeste do RS,Subárea de Santa Maria
4112900,Área de SC e PR,Subárea de Ponta Grossa
4217501,Área de SC e PR,Subárea de Florianópolis
4322301,Área Oeste do RS,Subárea de Santiago
4123006,Área de SC e PR,Subárea de Cascavel
4201406,Área de SC e PR,Subárea de Florianópolis
4128609,Área de SC e PR,Subárea de Cascavel
4212700,Área de SC e PR,Subárea de Florianópolis
4210209,Área de SC e PR,Subárea de Florianópolis
4108700,Área de SC e PR,Subárea de Cascavel
4218707,Área de SC e PR,Subárea de Florianópolis
4128708,Área de SC e PR,Subárea de Cascavel
4125308,Área de SC e PR,Subárea de Cascavel
4214904,Área de SC e PR,Subárea de Florianópolis
4127957,Área de SC e PR,Subárea de Cascavel
4106852,Área de SC e PR,Subárea de Cascavel
4309902,Área Leste do RS,Subárea de Pelotas
4315404,Área Oeste do RS,Subárea de Santiago
4107157,Área de SC e PR,Subárea de Cascavel
4316006,Área Leste do RS,Subárea de Pelotas
4125753,Área de SC e PR,Subárea de Cascavel
4320206,Área Oeste do RS,Subárea de Cruz Alta
4309407,Área Leste do RS,Subárea de Pelotas
4304713,Área Leste do RS,Subárea de Pelotas
4104105,Área de SC e PR,Subárea de Ponta Grossa
4103008,Área de SC e PR,Subárea de Cascavel
4211603,Área de SC e PR,Subárea de Florianópolis
4315958,Área Oeste do RS,Subárea de Santiago
4219176,Área de SC e PR,Subárea de Florianópolis
4313201,Área Leste do RS,Subárea de Pelotas
4314555,Área Oeste do RS,Subárea de Santiago
4202701,Área de SC e PR,Subárea de Florianópolis
4124509,Área de SC e PR,Subárea de Cascavel
4106209,Área de SC e PR,Subárea de Curitiba
4214003,Área de SC e PR,Subárea de Florianópolis
4101002,Área de SC e PR,Subárea de Cascavel
4300059,Área Oeste do RS,Subárea de Cruz Alta
4322806,Área Leste do RS,Subárea de Pelotas
4124905,Área de SC e PR,Subárea de Cascavel
4309506,Área Oeste do RS,Subárea de Santiago
4219705,Área de SC e PR,Subárea de Florianópolis
4209805,Área de SC e PR,Subárea de Florianópolis
4320354,Área Leste do RS,Subárea de Pelotas
4212056,Área de SC e PR,Subárea de Florianópolis
4213807,Área de SC e PR,Subárea de Florianópolis
4305603,Área Oeste do RS,Subárea de Cruz Alta
4109807,Área de SC e PR,Subárea de Cascavel
4308904,Área Oeste do RS,Subárea de Cruz Alta
4214300,Área de SC e PR,Subárea de Florianópolis
4208203,Área de SC e PR,Subárea de Florianópolis
4117453,Área de SC e PR,Subárea de Cascavel
4204905,Área de SC e PR,Subárea de Florianópolis
4307815,Área Oeste do RS,Subárea de Santa Maria
4307203,Área Oeste do RS,Subárea de Cruz Alta
4114104,Área de SC e PR,Subárea de Cascavel
4215059,Área de SC e PR,Subárea de Florianópolis
4315107,Área Oeste do RS,Subárea de Santiago
4103370,Área de SC e PR,Subárea de Cascavel
4202909,Área de SC e PR,Subárea de Florianópolis
4208401,Área de SC e PR,Subárea de Florianópolis
4107553,Área de SC e PR,Subárea de Cascavel
4120002,Área de SC e PR,Subárea de Cascavel
4112801,Área de SC e PR,Subárea de Ponta Grossa
4218004,Área de SC e PR,Subárea de Florianópolis
4216701,Área de SC e PR,Subárea de Florianópolis
4214201,Área de SC e PR,Subárea de Florianópolis
4302105,Área Leste do RS,Subárea de Pelotas
4305850,Área Oeste do RS,Subárea de Cruz Alta
4303806,Área Oeste do RS,Subárea de Cruz Alta
4308201,Área Leste do RS,Subárea de Pelotas
4115358,Área de SC e PR,Subárea de Cascavel
4305504,Área Oeste do RS,Subárea de Cruz Alta
4301404,Área Oeste do RS,Subárea de Santa Maria
4304903,Área Oeste do RS,Subárea de Cruz Alta
4117008,Área de SC e PR,Subárea de Ponta Grossa
4209607,Área de SC e PR,Subárea de Florianópolis
4104600,Área de SC e PR,Subárea de Cascavel
4314076,Área Oeste do RS,Subárea de Santa Maria
4302451,Área Oeste do RS,Subárea de Santa Maria
4104253,Área de SC e PR,Subárea de Curitiba
4126603,Área de SC e PR,Subárea de Ponta Grossa
4315313,Área Oeste do RS,Subárea de Cruz Alta
4321907,Área Oeste do RS,Subárea de Santiago
4321956,Área Oeste do RS,Subárea de Cruz Alta
4322905,Área Oeste do RS,Subárea de Cruz Alta
4108205,Área de SC e PR,Subárea de Cascavel
4123402,Área de SC e PR,Subárea de Cascavel
4300471,Área Oeste do RS,Subárea de Cruz Alta
4206504,Área de SC e PR,Subárea de Florianópolis
4103453,Área de SC e PR,Subárea de Cascavel
4217600,Área de SC e PR,Subárea de Florianópolis
4308508,Área Oeste do RS,Subárea de Cruz Alta
4322327,Área Leste do RS,Subárea de Pelotas
4303301,Área Oeste do RS,Subárea de Santiago
4313300,Área Leste do RS,Subárea de Pelotas
4323754,Área Oeste do RS,Subárea de Santiago
4211256,Área de SC e PR,Subárea de Florianópolis
4301701,Área Oeste do RS,Subárea de Cruz Alta
4117107,Área de SC e PR,Subárea de Cascavel
4315156,Área Oeste do RS,Subárea de Santa Maria
4319000,Área Leste do RS,Subárea de Pelotas
4214805,Área de SC e PR,Subárea de Florianópolis
4320552,Área Leste do RS,Subárea de Pelotas
4207684,Área de SC e PR,Subárea de Florianópolis
4304408,Área Leste do RS,Subárea de Pelotas
4210050,Área de SC e PR,Subárea de Ponta Grossa
4210001,Área de SC e PR,Subárea de Florianópolis
4219002,Área de SC e PR,Subárea de Florianópolis
4321667,Área Leste do RS,Subárea de Pelotas
4306734,Área Oeste do RS,Subárea de Santiago
4313334,Área Oeste do RS,Subárea de Cruz Alta
4124053,Área de SC e PR,Subárea de Cascavel
4312450,Área Leste do RS,Subárea de Pelotas
4316204,Área Oeste do RS,Subárea de Cruz Alta
4119103,Área de SC e PR,Subárea de Ponta Grossa
4315008,Área Oeste do RS,Subárea de Santiago
4103057,Área de SC e PR,Subárea de Cascavel
4305454,Área Leste do RS,Subárea de Pelotas
4207106,Área de SC e PR,Subárea de Florianópolis
4123956,Área de SC e PR,Subárea de Cascavel
4111209,Área de SC e PR,Subárea de Cascavel
4320263,Área Oeste do RS,Subárea de Santa Maria
4106704,Área de SC e PR,Subárea de Cascavel
4214607,Área de SC e PR,Subárea de Florianópolis
4304309,Área Oeste do RS,Subárea de Santiago
4207700,Área de SC e PR,Subárea de Florianópolis
4300703,Área Oeste do RS,Subárea de Santa Maria
4206900,Área de SC e PR,Subárea de Florianópolis
4208450,Área de SC e PR,Subárea de Florianópolis
4311601,Área Oeste do RS,Subárea de Cruz Alta
4203907,Área de SC e PR,Subárea de Florianópolis
4315750,Área Leste do RS,Subárea de Pelotas
4124004,Área de SC e PR,Subárea de Ponta Grossa
4309100,Área Leste do RS,Subárea de Pelotas
4125902,Área de SC e PR,Subárea de Cascavel
4307054,Área Oeste do RS,Subárea de Cruz Alta
4209003,Área de SC e PR,Subárea de Florianópolis
4112751,Área de SC e PR,Subárea de Cascavel
4108957,Área de SC e PR,Subárea de Ponta Grossa
4323200,Área Oeste do RS,Subárea de Cruz Alta
4312138,Área Oeste do RS,Subárea de Cruz Alta
4320909,Área Oeste do RS,Subárea de Cruz Alta
4204608,Área de SC e PR,Subárea de Florianópolis
4218806,Área de SC e PR,Subárea de Florianópolis
4128658,Área de SC e PR,Subárea de Cascavel
4108007,Área de SC e PR,Subárea de Cascavel
4304952,Área Leste do RS,Subárea de Pelotas
4111100,Área de SC e PR,Subárea de Cascavel
4107850,Área de SC e PR,Subárea de Cascavel
4200051,Área de SC e PR,Subárea de Florianópolis
4321477,Área Oeste do RS,Subárea de Santiago
4121356,Área de SC e PR,Subárea de Cascavel
4315552,Área Oeste do RS,Subárea de Cruz Alta
4304804,Área Leste do RS,Subárea de Pelotas
4102802,Área de SC e PR,Subárea de Cascavel
4107108,Área de SC e PR,Subárea de Cascavel
4201208,Área de SC e PR,Subárea de Florianópolis
4118907,Área de SC e PR,Subárea de Cascavel
4204400,Área de SC e PR,Subárea de Florianópolis
4101853,Área de SC e PR,Subárea de Cascavel
4121257,Área de SC e PR,Subárea de Cascavel
4217204,Área de SC e PR,Subárea de Florianópolis
4113601,Área de SC e PR,Subárea de Cascavel
4207007,Área de SC e PR,Subárea de Florianópolis
4108452,Área de SC e PR,Subárea de Cascavel
4200804,Área de SC e PR,Subárea de Florianópolis
4314704,Área Oeste do RS,Subárea de Cruz Alta
4128401,Área de SC e PR,Subárea de Ponta Grossa
4304101,Área Oeste do RS,Subárea de Santa Maria
4311908,Área Oeste do RS,Subárea de Cruz Alta
4309605,Área Oeste do RS,Subárea de Santiago
4313409,Área Leste do RS,Subárea de Pelotas
4115309,Área de SC e PR,Subárea de Cascavel
4101101,Área de SC e PR,Subárea de Ponta Grossa
4305447,Área Leste do RS,Subárea de Pelotas
4107702,Área de SC e PR,Subárea de Cascavel
4303707,Área Oeste do RS,Subárea de Santiago
4315354,Área Oeste do RS,Subárea de Santa Maria
4306429,Área Oeste do RS,Subárea de Cruz Alta
4217105,Área de SC e PR,Subárea de Florianópolis
4214102,Área de SC e PR,Subárea de Florianópolis
4319307,Área Oeste do RS,Subárea de Santiago
4316436,Área Oeste do RS,Subárea de Cruz Alta
4120358,Área de SC e PR,Subárea de Cascavel
4119509,Área de SC e PR,Subárea de Curitiba
4313375,Área Leste do RS,Subárea de Pelotas
4115002,Área de SC e PR,Subárea de Cascavel
4304002,Área Oeste do RS,Subárea de Santiago
4305355,Área Leste do RS,Subárea de Pelotas
4322152,Área Oeste do RS,Subárea de Santa Maria
4309159,Área Oeste do RS,Subárea de Santa Maria
4100103,Área de SC e PR,Subárea de Ponta Grossa
4126009,Área de SC e PR,Subárea de Ponta Grossa
4321832,Área Leste do RS,Subárea de Pelotas
4215208,Área de SC e PR,Subárea de Florianópolis
4313425,Área Oeste do RS,Subárea de Santiago
4306353,Área Oeste do RS,Subárea de Santiago
4124608,Área de SC e PR,Subárea de Cascavel
4206702,Área de SC e PR,Subárea de Florianópolis
4204707,Área de SC e PR,Subárea de Florianópolis
4219606,Área de SC e PR,Subárea de Florianópolis
4119202,Área de SC e PR,Subárea de Ponta Grossa
4115903,Área de SC e PR,Subárea de Cascavel
4305439,Área Leste do RS,Subárea de Pelotas
4114351,Área de SC e PR,Subárea de Cascavel
4312906,Área Leste do RS,Subárea de Pelotas
4202800,Área de SC e PR,Subárea de Florianópolis
4213203,Área de SC e PR,Subárea de Florianópolis
4211801,Área de SC e PR,Subárea de Florianópolis
4310702,Área Oeste do RS,Subárea de Cruz Alta
4101655,Área de SC e PR,Subárea de Cascavel
4203204,Área de SC e PR,Subárea de Florianópolis
4315800,Área Oeste do RS,Subárea de Santa Maria
4126108,Área de SC e PR,Subárea de Cascavel
4124202,Área de SC e PR,Subárea de Cascavel
4120309,Área de SC e PR,Subárea de Ponta Grossa
4310652,Área Leste do RS,Subárea de Pelotas
4120200,Área de SC e PR,Subárea de Cascavel
4312203,Área Oeste do RS,Subárea de Cruz Alta
4204152,Área de SC e PR,Subárea de Florianópolis
4315206,Área Oeste do RS,Subárea de Santa Maria
4200200,Área de SC e PR,Subárea de Florianópolis
4205209,Área de SC e PR,Subárea de Florianópolis
4321493,Área Oeste do RS,Subárea de Santa Maria
4201901,Área de SC e PR,Subárea de Florianópolis
4206652,Área de SC e PR,Subárea de Florianópolis
4217303,Área de SC e PR,Subárea de Florianópolis
4116950,Área de SC e PR,Subárea de Cascavel
4303202,Área Leste do RS,Subárea de Pelotas
4317756,Área Oeste do RS,Subárea de Cruz Alta
4308706,Área Oeste do RS,Subárea de Cruz Alta
4113007,Área de SC e PR,Subárea de Cascavel
4109203,Área de SC e PR,Subárea de Cascavel
4305801,Área Oeste do RS,Subárea de Cruz Alta
4215604,Área de SC e PR,Subárea de Florianópolis
4119004,Área de SC e PR,Subárea de Cascavel
4302584,Área Oeste do RS,Subárea de Cruz Alta
4115507,Área de SC e PR,Subárea de Cascavel
4211009,Área de SC e PR,Subárea de Florianópolis
4316733,Área Oeste do RS,Subárea de Cruz Alta
4111001,Área de SC e PR,Subárea de Ponta Grossa
4216305,Área de SC e PR,Subárea de Florianópolis
4117222,Área de SC e PR,Subárea de Cascavel
4305371,Área Oeste do RS,Subárea de Cruz Alta
4207650,Área de SC e PR,Subárea de Florianópolis
4106100,Área de SC e PR,Subárea de Ponta Grossa
4309753,Área Oeste do RS,Subárea de Santa Maria
4119954,Área de SC e PR,Subárea de Curitiba
4118006,Área de SC e PR,Subárea de Cascavel
4209904,Área de SC e PR,Subárea de Florianópolis
4204004,Área de SC e PR,Subárea de Florianópolis
4313391,Área Oeste do RS,Subárea de Santa Maria
4115853,Área de SC e PR,Subárea de Cascavel
4302154,Área Oeste do RS,Subárea de Cruz Alta
4109104,Área de SC e PR,Subárea de Cascavel
4122909,Área de SC e PR,Subárea de Ponta Grossa
4313037,Área Oeste do RS,Subárea de Santiago
4105805,Área de SC e PR,Subárea de Curitiba
4113759,Área de SC e PR,Subárea de Cascavel
4103222,Área de SC e PR,Subárea de Cascavel
4211058,Área de SC e PR,Subárea de Florianópolis
4323101,Área Oeste do RS,Subárea de Cruz Alta
4100400,Área de SC e PR,Subárea de Curitiba
4215075,Área de SC e PR,Subárea de Florianópolis
4107405,Área de SC e PR,Subárea de Cascavel
4100301,Área de SC e PR,Subárea de Ponta Grossa
4219853,Área de SC e PR,Subárea de Florianópolis
4210803,Área de SC e PR,Subárea de Florianópolis
4303400,Área Oeste do RS,Subárea de Cruz Alta
4321709,Área Leste do RS,Subárea de Pelotas
4209854,Área de SC e PR,Subárea de Florianópolis
4307807,Área Oeste do RS,Subárea de Santa Maria
4211850,Área de SC e PR,Subárea de Florianópolis
4113106,Área de SC e PR,Subárea de Cascavel
4122800,Área de SC e PR,Subárea de Cascavel
4110300,Área de SC e PR,Subárea de Cascavel
4310579,Área Oeste do RS,Subárea de Santa Maria
4304689,Área Leste do RS,Subárea de Pelotas
4126702,Área de SC e PR,Subárea de Cascavel
4216404,Área de SC e PR,Subárea de Florianópolis
4218509,Área de SC e PR,Subárea de Florianópolis
4308854,Área Oeste do RS,Subárea de Cruz Alta
4205456,Área de SC e PR,Subárea de Florianópolis
4107801,Área de SC e PR,Subárea de Cascavel
4207304,Área de SC e PR,Subárea de Florianópolis
4122701,Área de SC e PR,Subárea de Cascavel
4120101,Área de SC e PR,Subárea de Ponta Grossa
4110904,Área de SC e PR,Subárea de Cascavel
4323408,Área Oeste do RS,Subárea de Cruz Alta
4109005,Área de SC e PR,Subárea de Ponta Grossa
4112306,Área de SC e PR,Subárea de Ponta Grossa
4313607,Área Oeste do RS,Subárea de Cruz Alta
4321006,Área Oeste do RS,Subárea de Cruz Alta
4321451,Área Oeste do RS,Subárea de Santa Maria
4208609,Área de SC e PR,Subárea de Florianópolis
4112108,Área de SC e PR,Subárea de Cascavel
4321857,Área Oeste do RS,Subárea de Cruz Alta
4322103,Área Oeste do RS,Subárea de Santiago
4310504,Área Oeste do RS,Subárea de Cruz Alta
4212239,Área de SC e PR,Subárea de Florianópolis
4310900,Área Oeste do RS,Subárea de Cruz Alta
4205100,Área de SC e PR,Subárea de Florianópolis
4103404,Área de SC e PR,Subárea de Cascavel
4116406,Área de SC e PR,Subárea de Cascavel
4320305,Área Oeste do RS,Subárea de Cruz Alta
4215307,Área de SC e PR,Subárea de Florianópolis
4125456,Área de SC e PR,Subárea de Cascavel
4305207,Área Oeste do RS,Subárea de Santiago
4120804,Área de SC e PR,Subárea de Curitiba
4306304,Área Oeste do RS,Subárea de Cruz Alta
4310538,Área Oeste do RS,Subárea de Santa Maria
4314159,Área Oeste do RS,Subárea de Santa Maria
4305959,Área Leste do RS,Subárea de Pelotas
4315172,Área Leste do RS,Subárea de Pelotas
4201505,Área de SC e PR,Subárea de Florianópolis
4203105,Área de SC e PR,Subárea de Florianópolis
4206306,Área de SC e PR,Subárea de Florianópolis
4300455,Área Oeste do RS,Subárea de Santiago
4308003,Área Oeste do RS,Subárea de Santa Maria
4122107,Área de SC e PR,Subárea de Cascavel
4319109,Área Oeste do RS,Subárea de Santiago
4103156,Área de SC e PR,Subárea de Cascavel
4318424,Área Oeste do RS,Subárea de Cruz Alta
4117404,Área de SC e PR,Subárea de Cascavel
4308607,Área Leste do RS,Subárea de Pelotas
4210506,Área de SC e PR,Subárea de Florianópolis
4102604,Área de SC e PR,Subárea de Cascavel
4118303,Área de SC e PR,Subárea de Cascavel
4308250,Área Oeste do RS,Subárea de Cruz Alta
4312443,Área Leste do RS,Subárea de Pelotas
4126652,Área de SC e PR,Subárea de Cascavel
4320602,Área Oeste do RS,Subárea de Cruz Alta
4306130,Área Oeste do RS,Subárea de Cruz Alta
4219101,Área de SC e PR,Subárea de Florianópolis
4206207,Área de SC e PR,Subárea de Florianópolis
4117503,Área de SC e PR,Subárea de Cascavel
4208005,Área de SC e PR,Subárea de Florianópolis
4320404,Área Leste do RS,Subárea de Pelotas
4305871,Área Oeste do RS,Subárea de Cruz Alta
4218400,Área de SC e PR,Subárea de Florianópolis
4321501,Área Leste do RS,Subárea de Pelotas
4314803,Área Leste do RS,Subárea de Pelotas
4217402,Área de SC e PR,Subárea de Florianópolis
4216255,Área de SC e PR,Subárea de Florianópolis
4305132,Área Oeste do RS,Subárea de Santa Maria
4121307,Área de SC e PR,Subárea de Ponta Grossa
4207759,Área de SC e PR,Subárea de Florianópolis
4216008,Área de SC e PR,Subárea de Florianópolis
4124301,Área de SC e PR,Subárea de Ponta Grossa
4311734,Área Leste do RS,Subárea de Pelotas
4212403,Área de SC e PR,Subárea de Florianópolis
4301008,Área Oeste do RS,Subárea de Santa Maria
4112405,Área de SC e PR,Subárea de Cascavel
4106555,Área de SC e PR,Subárea de Cascavel
4110003,Área de SC e PR,Subárea de Cascavel
4106571,Área de SC e PR,Subárea de Cascavel
4205555,Área de SC e PR,Subárea de Florianópolis
4310462,Área Oeste do RS,Subárea de Cruz Alta
4301552,Área Oeste do RS,Subárea de Cruz Alta
4218350,Área de SC e PR,Subárea de Florianópolis
4103800,Área de SC e PR,Subárea de Cascavel
4312674,Área Oeste do RS,Subárea de Cruz Alta
4306205,Área Oeste do RS,Subárea de Santa Maria
4117297,Área de SC e PR,Subárea de Cascavel
4215356,Área de SC e PR,Subárea de Florianópolis
4206801,Área de SC e PR,Subárea de Florianópolis
4207601,Área de SC e PR,Subárea de Florianópolis
4319703,Área Oeste do RS,Subárea de Cruz Alta
4112702,Área de SC e PR,Subárea de Ponta Grossa
4306973,Área Oeste do RS,Subárea de Cruz Alta
4323358,Área Oeste do RS,Subárea de Cruz Alta
4107900,Área de SC e PR,Subárea de Cascavel
4215653,Área de SC e PR,Subárea de Florianópolis
4203709,Área de SC e PR,Subárea de Florianópolis
4219408,Área de SC e PR,Subárea de Florianópolis
4313359,Área Leste do RS,Subárea de Pelotas
4211652,Área de SC e PR,Subárea de Florianópolis
4312757,Área Oeste do RS,Subárea de Santa Maria
4216602,Área de SC e PR,Subárea de Florianópolis
4216354,Área de SC e PR,Subárea de Florianópolis
4120408,Área de SC e PR,Subárea de Cascavel
4126272,Área de SC e PR,Subárea de Cascavel
4113429,Área de SC e PR,Subárea de Cascavel
4103024,Área de SC e PR,Subárea de Cascavel
4314134,Área Oeste do RS,Subárea de Cruz Alta
4321634,Área Oeste do RS,Subárea de Cruz Alta
4309258,Área Leste do RS,Subárea de Pelotas
4307450,Área Oeste do RS,Subárea de Santiago
4320321,Área Oeste do RS,Subárea de Santiago
4202073,Área de SC e PR,Subárea de Florianópolis
4312427,Área Oeste do RS,Subárea de Santa Maria
4215752,Área de SC e PR,Subárea de Florianópolis
4120333,Área de SC e PR,Subárea de Cascavel
4321600,Área Leste do RS,Subárea de Pelotas
4202081,Área de SC e PR,Subárea de Florianópolis
4301925,Área Oeste do RS,Subárea de Cruz Alta
4206751,Área de SC e PR,Subárea de Florianópolis
4213104,Área de SC e PR,Subárea de Florianópolis
4102752,Área de SC e PR,Subárea de Cascavel
4217709,Área de SC e PR,Subárea de Florianópolis
4321436,Área Leste do RS,Subárea de Pelotas
4313805,Área Oeste do RS,Subárea de Cruz Alta
4109757,Área de SC e PR,Subárea de Cascavel
4308052,Área Oeste do RS,Subárea de Cruz Alta
4316956,Área Leste do RS,Subárea de Pelotas
4306809,Área Oeste do RS,Subárea de Santa Maria
4319901,Área Leste do RS,Subárea de Pelotas
4204103,Área de SC e PR,Subárea de Florianópolis
4217253,Área de SC e PR,Subárea de Florianópolis
4311270,Área Oeste do RS,Subárea de Cruz Alta
4202107,Área de SC e PR,Subárea de Florianópolis
4303558,Área Oeste do RS,Subárea de Cruz Alta
4200507,Área de SC e PR,Subárea de Florianópolis
4310108,Área Leste do RS,Subárea de Pelotas
4205605,Área de SC e PR,Subárea de Florianópolis
4103503,Área de SC e PR,Subárea de Cascavel
4211454,Área de SC e PR,Subárea de Florianópolis
4307864,Área Leste do RS,Subárea de Pelotas
4322186,Área Leste do RS,Subárea de Pelotas
4306452,Área Leste do RS,Subárea de Pelotas
4111704,Área de SC e PR,Subárea de Ponta Grossa
4305116,Área Oeste do RS,Subárea de Cruz Alta
4309704,Área Oeste do RS,Subárea de Santiago
4107520,Área de SC e PR,Subárea de Cascavel
4304606,Área Leste do RS,Subárea de Pelotas
4123600,Área de SC e PR,Subárea de Cascavel
4201273,Área de SC e PR,Subárea de Florianópolis
4102208,Área de SC e PR,Subárea de Cascavel
4218756,Área de SC e PR,Subárea de Florianópolis
4302055,Área Oeste do RS,Subárea de Cruz Alta
4322350,Área Leste do RS,Subárea de Pelotas
4116307,Área de SC e PR,Subárea de Cascavel
4118451,Área de SC e PR,Subárea de Cascavel
4117206,Área de SC e PR,Subárea de Cascavel
4309126,Área Oeste do RS,Subárea de Cruz Alta
4312302,Área Oeste do RS,Subárea de Santiago
4320578,Área Oeste do RS,Subárea de Santiago
4320701,Área Oeste do RS,Subárea de Santa Maria
4200309,Área de SC e PR,Subárea de Florianópolis
4302600,Área Oeste do RS,Subárea de Santiago
4215109,Área de SC e PR,Subárea de Florianópolis
4301073,Área Leste do RS,Subárea de Pelotas
4310850,Área Oeste do RS,Subárea de Cruz Alta
4312054,Área Oeste do RS,Subárea de Santa Maria
4108551,Área de SC e PR,Subárea de Cascavel
4212908,Área de SC e PR,Subárea de Florianópolis
4317558,Área Oeste do RS,Subárea de Cruz Alta
4322343,Área Oeste do RS,Subárea de Santiago
4116505,Área de SC e PR,Subárea de Cascavel
4218202,Área de SC e PR,Subárea de Florianópolis
4301651,Área Leste do RS,Subárea de Pelotas
4317954,Área Leste do RS,Subárea de Pelotas
4107751,Área de SC e PR,Subárea de Ponta Grossa
4315453,Área Oeste do RS,Subárea de Santa Maria
4310751,Área Oeste do RS,Subárea de Santa Maria
4116604,Área de SC e PR,Subárea de Ponta Grossa
4204194,Área de SC e PR,Subárea de Florianópolis
4313490,Área Oeste do RS,Subárea de Cruz Alta
4111308,Área de SC e PR,Subárea de Cascavel
4112603,Área de SC e PR,Subárea de Cascavel
4207403,Área de SC e PR,Subárea de Florianópolis
4314001,Área Leste do RS,Subárea de Pelotas
4301057,Área Leste do RS,Subárea de Pelotas
4320651,Área Oeste do RS,Subárea de Santa Maria
4323606,Área Leste do RS,Subárea de Pelotas
4309571,Área Oeste do RS,Subárea de Santa Maria
4306957,Área Oeste do RS,Subárea de Cruz Alta
4320230,Área Oeste do RS,Subárea de Santiago
4107538,Área de SC e PR,Subárea de Cascavel
4318440,Área Leste do RS,Subárea de Pelotas
4119657,Área de SC e PR,Subárea de Cascavel
4110409,Área de SC e PR,Subárea de Cascavel
4310306,Área Oeste do RS,Subárea de Santa Maria
4210035,Área de SC e PR,Subárea de Florianópolis
4215687,Área de SC e PR,Subárea de Florianópolis
4206009,Área de SC e PR,Subárea de Florianópolis
4306700,Área Oeste do RS,Subárea de Santa Maria
4205704,Área de SC e PR,Subárea de Florianópolis
4113809,Área de SC e PR,Subárea de Cascavel
4115705,Área de SC e PR,Subárea de Curitiba
4300554,Área Oeste do RS,Subárea de Cruz Alta
4322855,Área Oeste do RS,Subárea de Santa Maria
4321469,Área Oeste do RS,Subárea de Santa Maria
4312179,Área Oeste do RS,Subárea de Santiago
4107652,Área de SC e PR,Subárea de Curitiba
4123824,Área de SC e PR,Subárea de Cascavel
4310413,Área Oeste do RS,Subárea de Santiago
4315073,Área Oeste do RS,Subárea de Santiago
4107306,Área de SC e PR,Subárea de Cascavel
4319505,Área Leste do RS,Subárea de Pelotas
4305835,Área Oeste do RS,Subárea de Santa Maria
4207577,Área de SC e PR,Subárea de Florianópolis
4312609,Área Oeste do RS,Subárea de Santa Maria
4217758,Área de SC e PR,Subárea de Florianópolis
4211306,Área de SC e PR,Subárea de Florianópolis
4312625,Área Oeste do RS,Subárea de Cruz Alta
4102703,Área de SC e PR,Subárea de Ponta Grossa
4120853,Área de SC e PR,Subárea de Cascavel
4314050,Área Leste do RS,Subárea de Pelotas
4202057,Área de SC e PR,Subárea de Florianópolis
4201703,Área de SC e PR,Subárea de Florianópolis
4311239,Área Oeste do RS,Subárea de Santa Maria
4306759,Área Oeste do RS,Subárea de Santa Maria
4120705,Área de SC e PR,Subárea de Ponta Grossa
4323309,Área Leste do RS,Subárea de Pelotas
4302204,Área Oeste do RS,Subárea de Santiago
4217006,Área de SC e PR,Subárea de Florianópolis
4218608,Área de SC e PR,Subárea de Florianópolis
4319737,Área Oeste do RS,Subárea de Santiago
4315131,Área Oeste do RS,Subárea de Santa Maria
4319372,Área Oeste do RS,Subárea de Santiago
4302659,Área Leste do RS,Subárea de Pelotas
4305934,Área Leste do RS,Subárea de Pelotas
4123204,Área de SC e PR,Subárea de Ponta Grossa
4314548,Área Leste do RS,Subárea de Pelotas
4204459,Área de SC e PR,Subárea de Florianópolis
4212650,Área de SC e PR,Subárea de Florianópolis
4315057,Área Oeste do RS,Subárea de Santiago
4314498,Área Oeste do RS,Subárea de Cruz Alta
4318705,Área Leste do RS,Subárea de Pelotas
4301636,Área Leste do RS,Subárea de Pelotas
4115754,Área de SC e PR,Subárea de Cascavel
4110052,Área de SC e PR,Subárea de Cascavel
4313086,Área Leste do RS,Subárea de Pelotas
4318465,Área Oeste do RS,Subárea de Santa Maria
4215406,Área de SC e PR,Subárea de Florianópolis
4313003,Área Oeste do RS,Subárea de Santa Maria
4302402,Área Oeste do RS,Subárea de Santa Maria
4200754,Área de SC e PR,Subárea de Florianópolis
4205175,Área de SC e PR,Subárea de Florianópolis
4210555,Área de SC e PR,Subárea de Florianópolis
4101150,Área de SC e PR,Subárea de Cascavel
4320453,Área Oeste do RS,Subárea de Santa Maria
4307559,Área Oeste do RS,Subárea de Cruz Alta
4316501,Área Leste do RS,Subárea de Pelotas
4314787,Área Oeste do RS,Subárea de Cruz Alta
4126256,Área de SC e PR,Subárea de Cascavel
4101051,Área de SC e PR,Subárea de Cascavel
4205431,Área de SC e PR,Subárea de Florianópolis
4206603,Área de SC e PR,Subárea de Florianópolis
4304630,Área Leste do RS,Subárea de Pelotas
4212809,Área de SC e PR,Subárea de Florianópolis
4312005,Área Oeste do RS,Subárea de Cruz Alta
4313011,Área Oeste do RS,Subárea de Santiago
4318457,Área Oeste do RS,Subárea de Cruz Alta
4306072,Área Oeste do RS,Subárea de Cruz Alta
4212254,Área de SC e PR,Subárea de Florianópolis
4201950,Área de SC e PR,Subárea de Florianópolis
4308102,Área Leste do RS,Subárea de Pelotas
4320859,Área Oeste do RS,Subárea de Santa Maria
4119251,Área de SC e PR,Subárea de Cascavel
4212601,Área de SC e PR,Subárea de Florianópolis
4312955,Área Oeste do RS,Subárea de Cruz Alta
4316477,Área Oeste do RS,Subárea de Santiago
4308433,Área Oeste do RS,Subárea de Santa Maria
4302253,Área Leste do RS,Subárea de Pelotas
4201802,Área de SC e PR,Subárea de Florianópolis
4111605,Área de SC e PR,Subárea de Cascavel
4300646,Área Oeste do RS,Subárea de Cruz Alta
4201604,Área de SC e PR,Subárea de Florianópolis
4319711,Área Leste do RS,Subárea de Pelotas
4311403,Área Oeste do RS,Subárea de Santa Maria
4202156,Área de SC e PR,Subárea de Florianópolis
4202099,Área de SC e PR,Subárea de Florianópolis
4125555,Área de SC e PR,Subárea de Cascavel
4213500,Área de SC e PR,Subárea de Florianópolis
4218855,Área de SC e PR,Subárea de Florianópolis
4217550,Área de SC e PR,Subárea de Florianópolis
4128302,Área de SC e PR,Subárea de Cascavel
4209177,Área de SC e PR,Subárea de Florianópolis
4210902,Área de SC e PR,Subárea de Florianópolis
4202859,Área de SC e PR,Subárea de Florianópolis
4201653,Área de SC e PR,Subárea de Florianópolis
4302352,Área Leste do RS,Subárea de Pelotas
4323705,Área Oeste do RS,Subárea de Santiago
4312476,Área Leste do RS,Subárea de Pelotas
4302378,Área Oeste do RS,Subárea de Santiago
4316758,Área Oeste do RS,Subárea de Santa Maria
4116000,Área de SC e PR,Subárea de Cascavel
4314423,Área Leste do RS,Subárea de Pelotas
4308078,Área Oeste do RS,Subárea de Santa Maria
4211876,Área de SC e PR,Subárea de Florianópolis
4214151,Área de SC e PR,Subárea de Florianópolis
4311791,Área Leste do RS,Subárea de Pelotas
4215455,Área de SC e PR,Subárea de Florianópolis
4211207,Área de SC e PR,Subárea de Florianópolis
4304853,Área Oeste do RS,Subárea de Cruz Alta
4304614,Área Oeste do RS,Subárea de Santa Maria
4315909,Área Oeste do RS,Subárea de Cruz Alta
4312351,Área Leste do RS,Subárea de Pelotas
4204350,Área de SC e PR,Subárea de Florianópolis
4321626,Área Oeste do RS,Subárea de Santa Maria
4313466,Área Oeste do RS,Subárea de Cruz Alta
4319364,Área Oeste do RS,Subárea de Cruz Alta
4108106,Área de SC e PR,Subárea de Cascavel
4215554,Área de SC e PR,Subárea de Florianópolis
4300570,Área Leste do RS,Subárea de Pelotas
4318051,Área Oeste do RS,Subárea de Cruz Alta
4318432,Área Oeste do RS,Subárea de Santa Maria
4306551,Área Leste do RS,Subárea de Pelotas
4110656,Área de SC e PR,Subárea de Cascavel
4209508,Área de SC e PR,Subárea de Florianópolis
4316428,Área Oeste do RS,Subárea de Cruz Alta
4318499,Área Oeste do RS,Subárea de Santiago
4207858,Área de SC e PR,Subárea de Florianópolis
4323507,Área Oeste do RS,Subárea de Cruz Alta
4321329,Área Oeste do RS,Subárea de Cruz Alta
4200556,Área de SC e PR,Subárea de Florianópolis
4312807,Área Leste do RS,Subárea de Pelotas
4313441,Área Oeste do RS,Subárea de Cruz Alta
4304697,Área Oeste do RS,Subárea de Santa Maria
4310363,Área Oeste do RS,Subárea de Santa Maria
4123105,Área de SC e PR,Subárea de Ponta Grossa
4317251,Área Leste do RS,Subárea de Pelotas
4305157,Área Oeste do RS,Subárea de Cruz Alta
4215695,Área de SC e PR,Subárea de Florianópolis
4300604,Área Leste do RS,Subárea de Pelotas
4204251,Área de SC e PR,Subárea de Florianópolis
4306924,Área Oeste do RS,Subárea de Cruz Alta
4217154,Área de SC e PR,Subárea de Florianópolis
4312385,Área Leste do RS,Subárea de Pelotas
4117214,Área de SC e PR,Subárea de Ponta Grossa
4314753,Área Leste do RS,Subárea de Pelotas
4209201,Área de SC e PR,Subárea de Florianópolis
4314456,Área Oeste do RS,Subárea de Cruz Alta
4311429,Área Oeste do RS,Subárea de Cruz Alta
4208955,Área de SC e PR,Subárea de Florianópolis
4202578,Área de SC e PR,Subárea de Florianópolis
4306403,Área Leste do RS,Subárea de Pelotas
4322558,Área Oeste do RS,Subárea de Cruz Alta
4318481,Área Leste do RS,Subárea de Pelotas
4220000,Área de SC e PR,Subárea de Florianópolis
4213906,Área de SC e PR,Subárea de Florianópolis
4311643,Área Leste do RS,Subárea de Pelotas
4209458,Área de SC e PR,Subárea de Florianópolis
4323770,Área Oeste do RS,Subárea de Santa Maria
4211405,Área de SC e PR,Subárea de Florianópolis
4310801,Área Leste do RS,Subárea de Pelotas
4205191,Área de SC e PR,Subárea de Florianópolis
4313060,Área Leste do RS,Subárea de Pelotas
4210407,Área de SC e PR,Subárea de Florianópolis
4301859,Área Oeste do RS,Subárea de Santiago
4202537,Área de SC e PR,Subárea de Florianópolis
4213153,Área de SC e PR,Subárea de Florianópolis
4323804,Área Leste do RS,Subárea de Pelotas
4303905,Área Leste do RS,Subárea de Pelotas
4213005,Área de SC e PR,Subárea de Florianópolis
4322251,Área Leste do RS,Subárea de Pelotas
4301958,Área Oeste do RS,Subárea de Cruz Alta
4318614,Área Leste do RS,Subárea de Pelotas
4119152,Área de SC e PR,Subárea de Curitiba
4320008,Área Leste do RS,Subárea de Pelotas
4305587,Área Oeste do RS,Subárea de Santa Maria
4205357,Área de SC e PR,Subárea de Florianópolis
4314035,Área Leste do RS,Subárea de Pelotas
4212502,Área de SC e PR,Subárea de Florianópolis
4208302,Área de SC e PR,Subárea de Florianópolis
4217956,Área de SC e PR,Subárea de Florianópolis
4204756,Área de SC e PR,Subárea de Florianópolis
4203956,Área de SC e PR,Subárea de Florianópolis
4307609,Área Leste do RS,Subárea de Pelotas
4315149,Área Leste do RS,Subárea de Pelotas
4312153,Área Oeste do RS,Subárea de Santa Maria
4322541,Área Leste do RS,Subárea de Pelotas
4202008,Área de SC e PR,Subárea de Florianópolis
4309555,Área Leste do RS,Subárea de Pelotas
4303103,Área Leste do RS,Subárea de Pelotas
4310330,Área Leste do RS,Subárea de Pelotas
4319356,Área Leste do RS,Subárea de Pelotas
4202453,Área de SC e PR,Subárea de Florianópolis
4300877,Área Leste do RS,Subárea de Pelotas
4311627,Área Leste do RS,Subárea de Pelotas
4319752,Área Leste do RS,Subárea de Pelotas
4307708,Área Leste do RS,Subárea de Pelotas
